Annual Distance (miles/vehicle),2020.0
LDVs,10519.364766934
HDVs,8151.826546136
aircraft,0.0
rail,0.0
ships,192.234058476
motorbikes,2073.947857686
