Annual Distance (miles/vehicle),2020.0
LDVs,10464.528853425
HDVs,8195.674173198
aircraft,0.0
rail,0.0
ships,191.40169256
motorbikes,2062.655490333
