Annual Distance (miles/vehicle),2020.0
LDVs,10565.256760646
HDVs,4632.782282629
aircraft,0.0
rail,0.0
ships,180.539047967
motorbikes,1796.084343173
