Annual Distance (miles/vehicle),2020.0
LDVs,10519.364766934
HDVs,8049.727450091
aircraft,2185786.429862621
rail,0.0
ships,192.234058476
motorbikes,2073.947857686
