Unit: dimensionless (ratio of electricity demand in this hour to annual demand),Hour0,Hour1,Hour2,Hour3,Hour4,Hour5,Hour6,Hour7,Hour8,Hour9,Hour10,Hour11,Hour12,Hour13,Hour14,Hour15,Hour16,Hour17,Hour18,Hour19,Hour20,Hour21,Hour22,Hour23
Winter,0,0,0,0,0.0,0.0,0.0040067792274238925,0.18562771808646716,0.4088465720133026,0.4552970708621134,0.44488839856740847,0.4386144154515224,0.45476784343821947,0.4770961243284727,0.44720836531082103,0.23965848042977733,0.030765541059094403,0.0,0.0,0,0,0,0,0
Spring,0,0,0,0,0.0006173045480329674,0.10532758850812504,0.38370691381093797,0.577615619473456,0.6574752243985451,0.7036938169441753,0.70900764122927,0.6990035536721279,0.7051682571991058,0.699858603890687,0.6738212819913909,0.6117488071006701,0.41034902732823925,0.11554856685241414,3.1282325069238207e-05,0,0,0,0,0
Summer,0,0,0,0,0.0025839200507190756,0.19698271547265508,0.46036320864893715,0.6063578197470718,0.6845928292568987,0.7331409122760185,0.7318979612266003,0.715101438152758,0.7122046948513461,0.6897418999632952,0.6612228469418399,0.6099219193166269,0.49756623510961323,0.2506089625946813,0.01811455170342687,0,0,0,0,0
Fall,0,0,0,0,0.0,0.006149113646943369,0.2490910005913214,0.5190795516022294,0.5865530994049042,0.5898242391454777,0.5936049218071788,0.5701722380886478,0.5711126907640626,0.5540052589861983,0.5363222324270599,0.43250443491060986,0.15991469874061115,0.0019626838443440736,0.0,0,0,0,0,0
Summer Peak,0,0,0,0,0.0007674597083653108,0.1663468917881811,0.4171143514965464,0.6143514965464313,0.7133537989255564,0.8307751343054489,0.7964313123561013,0.7279355333844972,0.6974290099769761,0.5487336914811972,0.5648503453568686,0.5007674597083652,0.3282808902532617,0.05046047582501918,0.0,0,0,0,0,0
Winter Peak,0,0,0,0,0.0,0.0,0.0,0.0692632386799693,0.19397544128933228,0.2918265541059094,0.34132770529547196,0.3877590176515732,0.29355333844973136,0.19474290099769762,0.3576362240982348,0.09785111281657712,0.0,0.0,0.0,0,0,0,0,0
