solar pv,Hour0,Hour1,Hour2,Hour3,Hour4,Hour5,Hour6,Hour7,Hour8,Hour9,Hour10,Hour11,Hour12,Hour13,Hour14,Hour15,Hour16,Hour17,Hour18,Hour19,Hour20,Hour21,Hour22,Hour23
Winter,0,0,0,0,0.0,0.0,0.002955808064526248,0.12950569290026254,0.28887561228512715,0.32202700468389395,0.31442378272099986,0.3115340061120176,0.3240403637920215,0.33948932324544306,0.31565797065371026,0.1657401539869671,0.019259574724260795,0.0,0.0,0,0,0,0,0
Spring,0,0,0,0,0.00044421161002222253,0.07579360596004171,0.2761150335012794,0.4156515047846114,0.4731183804014389,0.5063772239869538,0.510201045548902,0.5030021161797245,0.5074382294203519,0.5036174092882012,0.48488098377763533,0.44021370553202216,0.295286666332475,0.08314860967868669,2.2510723480855868e-05,0,0,0,0,0
Summer,0,0,0,0,0.0018995945690465678,0.14040812789554238,0.3298676914925554,0.4322394930464869,0.48751975805748793,0.5222250493110211,0.5217172211889701,0.5101863488926526,0.5086517557863298,0.4923536469942597,0.4721357398851091,0.4356244848725322,0.35755384592161665,0.18046941887383108,0.01299563903585827,0,0,0,0,0
Fall,0,0,0,0,0.0,0.0044248947817122795,0.17924558431863036,0.3735290207752129,0.4220829045896844,0.42443681281115797,0.42715738750559173,0.41029525649599763,0.4109720051096712,0.3986615177860227,0.3859368331503263,0.3112296709713098,0.11507442480399781,0.0014123449328841246,0.0,0,0,0,0,0
Summer Peak,0,0,0,0,0.0005522630827303307,0.11970302318179918,0.30015498546393476,0.44208659772562975,0.5133285353978424,0.597824787055583,0.5731110141034007,0.5238215339697186,0.5018690764311879,0.3948681041521865,0.4064656288895233,0.36035166148154074,0.23623053363789895,0.03631129768951925,0.0,0,0,0,0,0
Winter Peak,0,0,0,0,0.0,0.0,0.0,0.04984174321641235,0.13958449416009108,0.20999803720820825,0.24561900604431458,0.27903092254949957,0.2112406291443515,0.14013675724282143,0.2573545965523341,0.07041354304811716,0.0,0.0,0.0,0,0,0,0,0
