Unit: dimensionless (ratio of electricity demand in this hour to annual demand),Hour0,Hour1,Hour2,Hour3,Hour4,Hour5,Hour6,Hour7,Hour8,Hour9,Hour10,Hour11,Hour12,Hour13,Hour14,Hour15,Hour16,Hour17,Hour18,Hour19,Hour20,Hour21,Hour22,Hour23
Winter,0,0,0,0,0.0,0.0,0.027024664089821463,0.18240382845573352,0.31882937603533956,0.34411006810233746,0.34578501748573537,0.3383535799742316,0.3476578317688202,0.45661236885698525,0.3823624148720782,0.16972206883857907,0.019303331492729614,0.0,0.0,0,0,0,0,0
Spring,0,0,0,0,0.001200393729143159,0.009189013996590884,0.2752922958730464,0.38289558975343907,0.43811370129402444,0.4462703766835523,0.43709336662425285,0.44610832353011787,0.4591085876167383,0.4920954072935921,0.47889707824166344,0.4167947086644419,0.23212613737305843,0.1129330420377884,0.001260413415600317,0,0,0,0,0
Summer,0,0,0,0,0.004255395769812498,0.022291311550188465,0.3178882673516913,0.39428132427436197,0.4363371185748926,0.44817300074424393,0.45386286702038253,0.44900127241735294,0.44069454781168227,0.4577341367968695,0.42747821285381604,0.4004693539480952,0.29129954625117044,0.17133819892924881,0.015809185412815407,0,0,0,0,0
Fall,0,0,0,0,0.0,0.0,0.20206207964081066,0.3467425840265771,0.3818468195272968,0.38260720007965887,0.37981008590489823,0.3757909315566981,0.3762073304306108,0.4222556145956858,0.37367272858940354,0.255279666156729,0.08644802708403108,0.01894614876302378,0.0,0,0,0,0,0
Summer Peak,0,0,0,0,0.0022087244616234127,0.022639425731639976,0.36443953616786307,0.454997239094423,0.496410822749862,0.4914411927112093,0.3848702374378796,0.432357813362783,0.40254003313086695,0.4897846493649918,0.29486471562672556,0.11595803423522916,0.0033130866924351186,0.03147432357813363,0.0005521811154058532,0,0,0,0,0
Winter Peak,0,0,0,0,0.0,0.0,0.0,0.01214798453892877,0.3771397018221977,0.25897294312534513,0.26118166758696854,0.27885146327995586,0.3567090005521811,0.14467145223633351,0.1827719491993374,0.05742683600220873,0.0,0.0,0.0,0,0,0,0,0
