solar pv,Hour0,Hour1,Hour2,Hour3,Hour4,Hour5,Hour6,Hour7,Hour8,Hour9,Hour10,Hour11,Hour12,Hour13,Hour14,Hour15,Hour16,Hour17,Hour18,Hour19,Hour20,Hour21,Hour22,Hour23
Winter,0,0,0,0,0.0,0.0,0.002996634142765561,0.1312944455646308,0.29286560692994934,0.32647489148892017,0.31876665264808546,0.31583696199754274,0.328516059424508,0.3441784022957945,0.3200178873754466,0.16802938263319595,0.019525590949734013,0.0,0.0,0,0,0,0,0
Spring,0,0,0,0,0.0004503471294976676,0.07684047897053953,0.2799287770579269,0.42139254766837675,0.4796531646611273,0.5133713845392599,0.517248021316152,0.5099496592208809,0.5144470447438374,0.5105734508529554,0.49157823493478503,0.4462940053321882,0.2993652114475645,0.08429707113833707,2.2821645075895316e-05,0,0,0,0,0
Summer,0,0,0,0,0.0019258320630941724,0.14234746667863,0.33442387507670673,0.4382096517902229,0.4942534563731991,0.5294381024783005,0.5289232601556686,0.517233121667413,0.5156773325237102,0.4991541117317495,0.47865695176197526,0.4416413976470147,0.3624924349536832,0.18296209040523762,0.013175136812596643,0,0,0,0,0
Fall,0,0,0,0,0.0,0.004486012112951399,0.18172135205783796,0.3786882613936551,0.42791277896247015,0.43029919972843916,0.4330573514214149,0.41596231804980976,0.4166484140200258,0.4041678923410783,0.39126745239273414,0.315528423332792,0.11666385056095911,0.001431852459581419,0.0,0,0,0,0,0
Summer Peak,0,0,0,0,0.0005598910258619652,0.12135637985558094,0.30430077255597804,0.4481927662025031,0.5204187085386967,0.6060820354955773,0.5810269120882544,0.5310566380300739,0.5088009697520608,0.4003220834913051,0.4120797950344063,0.3653288943749322,0.2394933863124556,0.03681283495042421,0.0,0,0,0,0,0
Winter Peak,0,0,0,0,0.0,0.0,0.0,0.05053016508404235,0.14151245678661167,0.21289856258401224,0.249011533752109,0.28288494081675786,0.21415831739220165,0.14207234781247366,0.2609092180516758,0.07138610579740055,0.0,0.0,0.0,0,0,0,0,0
