solar pv dist,Hour0,Hour1,Hour2,Hour3,Hour4,Hour5,Hour6,Hour7,Hour8,Hour9,Hour10,Hour11,Hour12,Hour13,Hour14,Hour15,Hour16,Hour17,Hour18,Hour19,Hour20,Hour21,Hour22,Hour23
Winter,0,0,0,0,0.0,0.0,0.026096559671572286,0.1787914435934987,0.3105994766283341,0.3379060331788825,0.34031642378700216,0.33237942044990765,0.34150721436631215,0.4515929224785731,0.3755359758000625,0.16520298657959812,0.018418841379972628,0.0,0.0,0,0,0,0,0
Spring,0,0,0,0,0.001200393729143159,0.009189013996590884,0.2752922958730464,0.38289558975343907,0.43811370129402444,0.4462703766835523,0.43709336662425285,0.44610832353011787,0.4591085876167383,0.4920954072935921,0.47889707824166344,0.4167947086644419,0.23212613737305843,0.1129330420377884,0.001260413415600317,0,0,0,0,0
Summer,0,0,0,0,0.004220694732699912,0.021941265700667064,0.3134421193599776,0.38888783107066016,0.43138673622879353,0.44409959570187285,0.4521728644236687,0.4465431558102782,0.43857778454781454,0.4536072659418498,0.42549680433113096,0.4010104279720992,0.29112003909696177,0.17023045627931485,0.015784763609360423,0,0,0,0,0
Fall,0,0,0,0,0.0,0.0,0.20206207964081066,0.3467425840265771,0.3818468195272968,0.38260720007965887,0.37981008590489823,0.3757909315566981,0.3762073304306108,0.4222556145956858,0.37367272858940354,0.255279666156729,0.08644802708403108,0.01894614876302378,0.0,0,0,0,0,0
Summer Peak,0,0,0,0,0.0022087244616234127,0.022639425731639976,0.36443953616786307,0.454997239094423,0.496410822749862,0.4914411927112093,0.3848702374378796,0.432357813362783,0.40254003313086695,0.4897846493649918,0.29486471562672556,0.11595803423522916,0.0033130866924351186,0.03147432357813363,0.0005521811154058532,0,0,0,0,0
Winter Peak,0,0,0,0,0.0,0.0,0.0,0.01214798453892877,0.3771397018221977,0.25897294312534513,0.26118166758696854,0.27885146327995586,0.3567090005521811,0.14467145223633351,0.1827719491993374,0.05742683600220873,0.0,0.0,0.0,0,0,0,0,0
