solar pv,Hour0,Hour1,Hour2,Hour3,Hour4,Hour5,Hour6,Hour7,Hour8,Hour9,Hour10,Hour11,Hour12,Hour13,Hour14,Hour15,Hour16,Hour17,Hour18,Hour19,Hour20,Hour21,Hour22,Hour23
Winter,0,0,0,0,0.0,0.0,0.004107577830424772,0.17996930161166536,0.40143982114852,0.4475090927291537,0.4369431746137674,0.43292735827021267,0.45030698388334606,0.47177583502953047,0.43865828022289693,0.2303230004337815,0.026764323133905036,0.0,0.0,0,0,0,0,0
Spring,0,0,0,0,0.0006173045480329674,0.10532758850812504,0.38370691381093797,0.577615619473456,0.6574752243985451,0.7036938169441753,0.70900764122927,0.6990035536721279,0.7051682571991058,0.699858603890687,0.6738212819913909,0.6117488071006701,0.41034902732823925,0.11554856685241414,3.1282325069238207e-05,0,0,0,0,0
Summer,0,0,0,0,0.0026397967554979214,0.19512001481991165,0.4584050070129939,0.6006673370912394,0.6774882896234155,0.7257169573310043,0.7250112472543464,0.7089872178262365,0.706854650188336,0.6842057674156015,0.6561096849886645,0.6053713358209611,0.49687943825477887,0.25079171849225046,0.01805956193046991,0,0,0,0,0
Fall,0,0,0,0,0.0,0.006149113646943369,0.2490910005913214,0.5190795516022294,0.5865530994049042,0.5898242391454777,0.5936049218071788,0.5701722380886478,0.5711126907640626,0.5540052589861983,0.5363222324270599,0.43250443491060986,0.15991469874061115,0.0019626838443440736,0.0,0,0,0,0,0
Summer Peak,0,0,0,0,0.0007674597083653108,0.1663468917881811,0.4171143514965464,0.6143514965464313,0.7133537989255564,0.8307751343054489,0.7964313123561013,0.7279355333844972,0.6974290099769761,0.5487336914811972,0.5648503453568686,0.5007674597083652,0.3282808902532617,0.05046047582501918,0.0,0,0,0,0,0
Winter Peak,0,0,0,0,0.0,0.0,0.0,0.0692632386799693,0.19397544128933228,0.2918265541059094,0.34132770529547196,0.3877590176515732,0.29355333844973136,0.19474290099769762,0.3576362240982348,0.09785111281657712,0.0,0.0,0.0,0,0,0,0,0
